<?xml version="1.0" encoding="Windows-1252" ?>
<NotepadPlus>
	<!-- language doesnt really mean anything, its more of a comment -->
	<AutoComplete language="bml">
		<!--
		Environment specifies how the language should be interpreted. ignoreCase makes autocomplete
		ignore any casing, start and stopFunc specify what chars a function starts and stops with.
		param specifies parameter separator and terminal can be used to specify a character that stops
		any function. Using the same character for different functions results in undefined behaviour.
		
		05/11/2009
		The basic word character are : A-Z a-z 0-9 and '_' 
		If your function name contains other characters,
		add your characters in "additionalWordChar" attribute (without separator)
		in order to make calltip hint work
		-->
		<Environment ignoreCase="yes" startFunc="(" stopFunc=")" paramSeparator="," terminal=";" additionalWordChar=""/>
		<!--
		The following items should be alphabetically ordered.
		func="yes" means the keyword should be treated as a fuction, and thus can be used in the parameter
		calltip system. If this is the case, the retVal attribute specifies the return value/type. Any
		following Param tag specifies a parameter, they must be in order. The name attributes specifies
		the parameter name.
		-->
		<KeyWord name="BM_CM_RULES_LOCATION" func="yes">
			<Overload retVal="" desc="Where the message will be displayed. Options are attribute (default) and top.">
				<Param name=""/>
			</Overload>
		</KeyWord>
		<KeyWord name="BM_CM_RULES_MESSAGE" func="yes">
			<Overload retVal="" desc="The message to be displayed for the violated constraint.">
				<Param name=""/>
			</Overload>
		</KeyWord>
		<KeyWord name="BM_CM_RULES_OPERATOR" func="yes">
			<Overload retVal="" desc="Operator used to evaluate constraint, as in Simple Constraints.">
				<Param name=""/>
			</Overload>
		</KeyWord>
		<KeyWord name="BM_CM_RULES_VALUES" func="yes">
			<Overload retVal="" desc="Tilde-delimited values used to evaluate constraint, as in Simple Constraints.">
				<Param name=""/>
			</Overload>
		</KeyWord>
		<KeyWord name="BM_PARTNER_SECURITY_TOKEN" func="yes">
			<Overload retVal="" desc="WSSE security UsernameToken for SOAP, used for sending stateless SOAP with URLDataByPost. This token is only supported by URLDataByPost.&#10; EXAMPLE: &lt;code&gt;...&amp;lt;soapenv:Header&amp;gt;&amp;lt;ClientName xmlns=&quot;urn:crmondemand/ws&quot;&amp;gt;Bigmachines&amp;lt;/ClientName&amp;gt;&quot;+BM_PARTNER_SECURITY_TOKEN+&quot;&amp;lt;/soapenv:Header&amp;gt;...&lt;/code&gt; &#10; Inserts the block &#10;&lt;code&gt;&amp;lt;wsse:Security xmlns:wsse=&quot;http://docs.oasis-open.org/wss/2004/01/oasis-200401-wss-wssecurity-secext-1.0.xsd&quot;&amp;gt;&amp;lt;wsse:UsernameToken&amp;gt;&amp;lt;wsse:Username&amp;gt;User'sPartnerLogin&amp;lt;/wsse:Username&amp;gt;&amp;lt;wsse:Password Type=&quot;http://docs.oasis-open.org/wss/2004/01/oasis-200401-wss-username-token-profile-1.0#PasswordText&quot;&amp;gt;User'sPartnerPassword&amp;lt;/wsse:Password&amp;gt;&amp;lt;/wsse:UsernameToken&amp;gt;&amp;lt;/wsse:Security&amp;gt;&lt;/code&gt;">
				<Param name=""/>
			</Overload>
		</KeyWord>
		<KeyWord name="BM_REASON_STATUS_APPROVED" func="yes">
			<Overload retVal="" desc="status of a reason returned by getReasonStatus() when the reason is completely approved.">
				<Param name=""/>
			</Overload>
		</KeyWord>
		<KeyWord name="BM_REASON_STATUS_INACTIVE" func="yes">
			<Overload retVal="" desc="status of a reason returned by getReasonStatus() when the reason is inactive in buyside tree.">
				<Param name=""/>
			</Overload>
		</KeyWord>
		<KeyWord name="BM_REASON_STATUS_INVALID" func="yes">
			<Overload retVal="" desc="status of a reason returned by getReasonStatus() when the reason does not exist in admin tree.">
				<Param name=""/>
			</Overload>
		</KeyWord>
		<KeyWord name="BM_REASON_STATUS_PENDING" func="yes">
			<Overload retVal="" desc="status of a reason returned by getReasonStatus() when the reason has pending approval(s).">
				<Param name=""/>
			</Overload>
		</KeyWord>
		<KeyWord name="BM_REASON_STATUS_REJECTED" func="yes">
			<Overload retVal="" desc="status of a reason returned by getReasonStatus() when the reason is rejected by at least one approver.">
				<Param name=""/>
			</Overload>
		</KeyWord>
		<KeyWord name="BM_UNCHANGED_DATE" func="yes">
			<Overload retVal="$" desc="This variable supports the date return type. &#10;For example, consider a date array dateArr = Date [] {getdate(), getdate()}. &#10; &#10;If you want to keep the value of dateArr[0] unchanged, then specify the following: &#10; dateArr = String [] {$BM_UNCHANGED_DATE$, getdate()}; ">
				<Param name=""/>
			</Overload>
		</KeyWord>
		<KeyWord name="BM_UNCHANGED_NUM" func="yes">
			<Overload retVal="$" desc="This variable supports the numeric return type.  This is used to specify the array value that should remain unchanged.  &#10;&#10;For example, consider an int array intArr = Integer [] {1,2,3}. &#10;If you want to assign new values to intArr[1] and intArr[2] but keep intArr[0] = 1, then specify the following: &#10; intArr = Integer [] {$BM_UNCHANGED_NUM$, 21,23}; ">
				<Param name=""/>
			</Overload>
		</KeyWord>
		<KeyWord name="BM_UNCHANGED_STR" func="yes">
			<Overload retVal="$" desc="This variable supports the string return type. &#10;For example, consider a string array strArr = String [] {&quot;a&quot;,&quot;b&quot;}. &#10; &#10;If you want to keep the value of strArr[0] unchanged, then specify the following: &#10; strArr = String [] {$BM_UNCHANGED_STR$, &quot;abc&quot;}; ">
				<Param name=""/>
			</Overload>
		</KeyWord>
		<KeyWord name="NaN" func="yes">
			<Overload retVal="" desc="This is a constant value.  It is recommended that jNAN be used instead of NAN.">
				<Param name=""/>
			</Overload>
		</KeyWord>
		<KeyWord name="acos" func="yes">
			<Overload retVal="Float " desc="1. acos(num) where num &gt; 1 or num = NaN, returns NaN.">
				<Param name="Float x"/>
			</Overload>
		</KeyWord>
		<KeyWord name="adddays" func="yes">
			<Overload retVal="Date " desc="1. adddays(dt, -99999) or adddays(dt, 99999) returns a valid result.">
				<Param name="Date date"/>
				<Param name="Integer num_of_days"/>
			</Overload>
		</KeyWord>
		<KeyWord name="append" func="yes">
			<Overload retVal="Integer " desc="1. Returns new size of array after appending new element.&#10;&#10;2. If array max size is reached and a new element is appended to the array, the append will fail.&#10;&#10;3. If a null element is added to an array, it should be allowed to be added and the value of the element in the array should be null.">
				<Param name="Array arrayIdentifier"/>
				<Param name="Float(or Integer"/>
				<Param name="String or Date"/>
			</Overload>
		</KeyWord>
		<KeyWord name="asin" func="yes">
			<Overload retVal="Float " desc="1. asin(num) where num &gt; 1 or num = NaN, returns NaN.">
				<Param name="Float x"/>
			</Overload>
		</KeyWord>
		<KeyWord name="atan" func="yes">
			<Overload retVal="Float " desc="1. atan(NaN) returns -1.5707953267938966 since value for NaN is -999999.0)">
				<Param name="Float x"/>
			</Overload>
		</KeyWord>
		<KeyWord name="atof" func="yes">
			<Overload retVal="Float " desc="1. atof(&quot;&quot;) throws an exception.">
				<Param name="String str"/>
			</Overload>
		</KeyWord>
		<KeyWord name="atoi" func="yes">
			<Overload retVal="Integer " desc="1. atoi(&quot;&quot;) throws an exception.">
				<Param name="String str"/>
			</Overload>
		</KeyWord>
		<KeyWord name="bmql" func="yes">
			<Overload retVal="RecordSet " desc="Usage:&#10;&amp;nbsp;&amp;nbsp;&amp;nbsp;&amp;nbsp;results = bmql(&quot;select part_number from _parts where part_number like 'part%'&quot;);&#10;&amp;nbsp;&amp;nbsp;&amp;nbsp;&amp;nbsp;for result in results {&#10;&amp;nbsp;&amp;nbsp;&amp;nbsp;&amp;nbsp;&amp;nbsp;&amp;nbsp;&amp;nbsp;&amp;nbsp;partno = get(result, &quot;part_number&quot;);&#10;&amp;nbsp;&amp;nbsp;&amp;nbsp;&amp;nbsp;&amp;nbsp;&amp;nbsp;&amp;nbsp;&amp;nbsp;...&#10;&amp;nbsp;&amp;nbsp;&amp;nbsp;&amp;nbsp;}&#10;&#10;'results' is returned by bmql which contains the list of data that matched the query.&#10;for loop can be used on 'results' to go through all the rows of data returned.&#10;'get' function can be used to get the specific column from each row we iterate.&#10;&#10;Variables in Query:&#10;&#10;&amp;nbsp;&amp;nbsp;&amp;nbsp;&amp;nbsp;BML variables can be used in the WHERE clause conditions.  &#10;&#10;&amp;nbsp;&amp;nbsp;&amp;nbsp;&amp;nbsp;pno = &quot;part123&quot;;&#10;&amp;nbsp;&amp;nbsp;&amp;nbsp;&amp;nbsp;lead = int[] { 3, 4, 5 };&#10;&amp;nbsp;&amp;nbsp;&amp;nbsp;&amp;nbsp;results = bmql(&quot;select part_number from _parts where part_number like &lt;b&gt;$pno&lt;/b&gt; and lead_time in &lt;b&gt;$lead&lt;/b&gt;&quot;);&#10;&#10;&amp;nbsp;&amp;nbsp;&amp;nbsp;&amp;nbsp;1. '$' symbol has to be prepended to the variable name when used in the query string.&#10;&amp;nbsp;&amp;nbsp;&amp;nbsp;&amp;nbsp;2. The datatypes of the variables should be string, integer or float.&#10;&amp;nbsp;&amp;nbsp;&amp;nbsp;&amp;nbsp;3. For IN condition the datatypes of the variables should be string[], integer[] or float[].&#10;&amp;nbsp;&amp;nbsp;&amp;nbsp;&amp;nbsp;4. Line item variables cannot be used in the query.&#10;&#10;Query:&#10;&amp;nbsp;&amp;nbsp;&amp;nbsp;&amp;nbsp;SELECT [DISTINCT] field1[, field2 &#xEF;&#xBF;&#xBD; fieldn]&#10;&amp;nbsp;&amp;nbsp;&amp;nbsp;&amp;nbsp;FROM dataBaseObject&#10;&amp;nbsp;&amp;nbsp;&amp;nbsp;&amp;nbsp;[WHERE condition]&#10;&amp;nbsp;&amp;nbsp;&amp;nbsp;&amp;nbsp;[ORDER BY field1 [ASC|DESC],[ field2 [ASC|DESC]&#xEF;&#xBF;&#xBD;fieldn [ASC|DESC]]]&#10;&#10;DISTINCT keyword can be used in the SELECT clause to return distinct values.&#10;&amp;nbsp;&amp;nbsp;&amp;nbsp;&amp;nbsp;Example: select distinct custom_field1 from _parts&#10;&#10;FROM dataBaseObject:&#10;&amp;nbsp;&amp;nbsp;&amp;nbsp;&amp;nbsp;Which object to retrieve the data from.  See link below for a list of available objects.&#10;&#10;WHERE condition:&#10;&amp;nbsp;&amp;nbsp;&amp;nbsp;&amp;nbsp;Condition is field operator &amp;lt;field | value&gt;&#10;&amp;nbsp;&amp;nbsp;&amp;nbsp;&amp;nbsp;Example: part_number = 'BL-5C'&#10;&#10;&amp;nbsp;&amp;nbsp;&amp;nbsp;&amp;nbsp;Logical operators can be used to group the conditions&#10;&amp;nbsp;&amp;nbsp;&amp;nbsp;&amp;nbsp;Example: field1 &lt; 500 AND field2 = 'USD' OR field2 = 'EUR'&#10;&#10;&amp;nbsp;&amp;nbsp;&amp;nbsp;&amp;nbsp;Parenthesis can be used to change the precedence&#10;&amp;nbsp;&amp;nbsp;&amp;nbsp;&amp;nbsp;Example: field1 &lt; 500 AND (field2 = 'USD' OR field2 = 'EUR')&#10;&#10;&amp;nbsp;&amp;nbsp;&amp;nbsp;&amp;nbsp;Conditional evaluation - a boolean value can be used with the AND to conditionally evaluate the predicate in the WHERE clause.&#10;&amp;nbsp;&amp;nbsp;&amp;nbsp;&amp;nbsp;Syntax: $eval AND field = value&#10;&amp;nbsp;&amp;nbsp;&amp;nbsp;&amp;nbsp;where 'eval' is a boolean variable in the script&#10;&amp;nbsp;&amp;nbsp;&amp;nbsp;&amp;nbsp;When 'eval' is true the predicate 'field = value' is used in the criteria&#10;&amp;nbsp;&amp;nbsp;&amp;nbsp;&amp;nbsp;When 'eval' is false the prediacate is ignored&#10;&amp;nbsp;&amp;nbsp;&amp;nbsp;&amp;nbsp;Example:&#10;&amp;nbsp;&amp;nbsp;&amp;nbsp;&amp;nbsp;e1 = true;&#10;&amp;nbsp;&amp;nbsp;&amp;nbsp;&amp;nbsp;e2 = false;&#10;&amp;nbsp;&amp;nbsp;&amp;nbsp;&amp;nbsp;rs = bmql(&quot;select... where $e1 AND f1 = v1 OR $e2 AND f2 = v2&quot;);&#10;&#10;Operators: &#10;&amp;nbsp;&amp;nbsp;&amp;nbsp;&amp;nbsp;Relational operators:  =, &lt;&gt;, &lt;, &gt;, &lt;=, &gt;=, LIKE, NOT LIKE, IN, NOT IN, IS NULL, IS NOT NULL&#10;&amp;nbsp;&amp;nbsp;&amp;nbsp;&amp;nbsp;Logical operators: AND, OR&#10;&#10;ORDER BY clause is used to sort the data returned on the fields provided.&#10;&amp;nbsp;&amp;nbsp;&amp;nbsp;&amp;nbsp;Example: select part_number from _parts order by part_number&#10;&amp;nbsp;&amp;nbsp;&amp;nbsp;&amp;nbsp;&#10;&amp;nbsp;&amp;nbsp;&amp;nbsp;&amp;nbsp;DESC keyword can be used to reverse the sort order to descending.&#10;&amp;nbsp;&amp;nbsp;&amp;nbsp;&amp;nbsp;Example: select part_number from _parts order by part_number desc&#10;&#10;&amp;nbsp;&amp;nbsp;&amp;nbsp;&amp;nbsp;ASC can be used, optionally, to mean ascending sort order.&#10;&#10;&lt;a href=&quot;/admin/help/functions/select_data_help.jsp&quot; onclick=&quot;javascript:window.open(this.href,'helpWindow','height=550,width=550,left=200,top=200,resizable=yes,scrollbars=yes');return false;&quot;&gt;Click here&lt;/a&gt; to see table names and associated column details.&#10;&#10;Supported Language Codes: en, de, fr, es, it, zh_CN, zh_TW, ja_JP, ko_KR, pt_BR&#10;NOTE: BMQL does not support a parts query that retrieves more than 500 parts from a non-default pricebook.">
				<Param name="String sqlQuery"/>
			</Overload>
		</KeyWord>
		<KeyWord name="boolean[n]" func="yes">
			<Overload retVal="" desc="1. Negative number (including NaN, which is equal to -999999) specified for array size throws a runtime exception. For example, arr = boolean[-9]; throws a RuntimeException.&#10;&#10;2. When you specify the array size equal to jNaN, then array of size 0 is initialized.&#10;&#10;3. The maximum number of rows supported is 1000.&#10;&#10;4. For boolean array, the value in each field of the array after array declaration (example, arr = boolean[10];) is equal to false, if the array fields are not initialized.&#10;&#10;5. These arrays are dynamic in nature and the length can be increased.  &#10;For example, &#10;booleanArray = Boolean[2]; // This will create a boolean array of length 2 &#10;booleanArray[4] = true; // This will automatically extend the length of booleanArray to 5">
				<Param name=""/>
			</Overload>
		</KeyWord>
		<KeyWord name="boolean[n][n]" func="yes">
			<Overload retVal="" desc="1. Negative number (including NaN, which is equal to -999999) specified for array size throws a runtime exception. For example, arr = boolean[-9][0]; throws a RuntimeException.&#10;&#10;2. When you specify the array size equal to jNaN, then array of size 0 is initialized.&#10;&#10;3. The maximum number of rows supported is 1000 and the maximum number of columns is 50.&#10;&#10;4. For boolean array, the value in each field of the array after array declaration (example, arr = boolean[10][2];) is equal to false, if the array fields are not initialized.&#10;&#10;5. These arrays are dynamic in nature and the length can be increased.  &#10;For example, &#10;booleanArray = boolean[2] [2]; // This will create a boolean array with two rows and two columns &#10;booleanArray [2][3] = true; // This will automatically extend the length of booleanArray to include an extra column">
				<Param name=""/>
			</Overload>
		</KeyWord>
		<KeyWord name="break" func="yes">
			<Overload retVal="" desc="Example to use break in a loop:&#10;&#10;arr = string[]{&quot;aaa&quot;, &quot;bbb&quot;, &quot;ccc&quot;};&#10;for arrElement in arr {&#10;&amp;nbsp;&amp;nbsp;if (arrElement == &quot;bbb&quot;) {&#10;&amp;nbsp;&amp;nbsp;&amp;nbsp;&amp;nbsp;break;&#10;&amp;nbsp;&amp;nbsp;} else {&#10;&amp;nbsp;&amp;nbsp;&amp;nbsp;&amp;nbsp;print(arrElement);&#10;&amp;nbsp;&amp;nbsp;}}&#10;&#10;The above will print &quot;aaa&quot;">
				<Param name="&amp;lt;variable&amp;gt;"/>
			</Overload>
		</KeyWord>
		<KeyWord name="ceil" func="yes">
			<Overload retVal="Float " desc="1. ceil(NaN) returns -999999.0 since the value for NaN is -999999.0&#10;&#10;&#10;2. ceil(num), if num is less than zero but greater than -1.0, then the result is negative zero.">
				<Param name="Float x"/>
			</Overload>
		</KeyWord>
		<KeyWord name="comparedates" func="yes">
			<Overload retVal="Integer " desc="1. Returns 0 if both dates are equal.&#10;2. Returns -1 if first date is before second date.&#10;3. Returns 1 if first date is after second date.&#10;4. Also considers time for a given date. For &quot;11/04/2009 00:02:00&quot; and &quot;11/04/2009 00:01:00&quot;, the method returns 1.">
				<Param name="Date date1"/>
				<Param name="Date date2"/>
			</Overload>
		</KeyWord>
		<KeyWord name="containskey" func="yes">
			<Overload retVal="Boolean " desc="1. Checks if the key is found in the dictionary.&#10;&#10;2. If key is not found, false is returned, else returns true.&#10;&#10;For example, &#10;d = dict(&quot;string&quot;);&#10;put(d, &quot;key1&quot;, &quot;testValue1&quot;);&#10;bool1 = containskey(d, &quot;key1&quot;);  //returns true&#10;bool2 = containskey(d, &quot;key2&quot;);  //returns false">
				<Param name="Dictionary dictionaryIdentifier"/>
				<Param name="String(or Integer"/>
				<Param name="Float"/>
			</Overload>
		</KeyWord>
		<KeyWord name="continue" func="yes">
			<Overload retVal="" desc="Example to use continue in a loop:&#10;&#10;arr = string[]{&quot;aaa&quot;, &quot;bbb&quot;, &quot;ccc&quot;};&#10;for arrElement in arr {&#10;&amp;nbsp;&amp;nbsp;if (arrElement == &quot;bbb&quot;) {&#10;&amp;nbsp;&amp;nbsp;&amp;nbsp;&amp;nbsp;continue;&#10;&amp;nbsp;&amp;nbsp;} else {&#10;&amp;nbsp;&amp;nbsp;&amp;nbsp;&amp;nbsp;print(arrElement);&#10;&amp;nbsp;&amp;nbsp;}&#10;}&#10;&#10;The above will print &quot;aaa&quot; and &quot;ccc&quot;">
				<Param name="&amp;lt;variable&amp;gt;"/>
			</Overload>
		</KeyWord>
		<KeyWord name="cos" func="yes">
			<Overload retVal="Float " desc="1. cos(NaN) returns 0.21161995758460128, since value of NaN is -999999.0">
				<Param name="Float x"/>
			</Overload>
		</KeyWord>
		<KeyWord name="cosh" func="yes">
			<Overload retVal="Float " desc="1. cosh(NaN) returns infinity.">
				<Param name="Float x"/>
			</Overload>
		</KeyWord>
		<KeyWord name="date[n]" func="yes">
			<Overload retVal="" desc="1. Negative number (including NaN, which is equal to -999999) specified for array size throws a runtime exception. For example, arr = date[-9]; throws a RuntimeException.&#10;&#10;2. When you specify the array size equal to jNaN, then array of size 0 is initialized.&#10;&#10;3. The maximum number of rows supported is 1000.&#10;&#10;4. For date array, the value in each field of the array after array declaration (example, arr = date[10];) is equal to null, if the array fields are not initialized.&#10;&#10;5. These arrays are dynamic in nature and the length can be increased.  &#10;For example, &#10;dateArray = Date[2]; // This will create a date array of length 2 &#10;dateArray [4] = getdate(); // This will automatically extend the length of dateArray to 5">
				<Param name=""/>
			</Overload>
		</KeyWord>
		<KeyWord name="date[n][n]" func="yes">
			<Overload retVal="" desc="1. Negative number (including NaN, which is equal to -999999) specified for array size throws a runtime exception. For example, arr = date[-9][0]; throws a RuntimeException.&#10;&#10;2. When you specify the array size equal to jNaN, then array of size 0 is initialized.&#10;&#10;3. The maximum number of rows supported is 1000 and the maximum number of columns is 50.&#10;&#10;4. For float array, the value in each field of the array after array declaration (example, arr = date[10][2];) is equal to null, if the array fields are not initialized.&#10;&#10;5. These arrays are dynamic in nature and the length can be increased.  &#10;For example, &#10;dateArray = date[2] [2]; // This will create a date array with two rows and two columns &#10;dateArray [2][3] = getdate(); // This will automatically extend the length of dateArray to include an extra column">
				<Param name=""/>
			</Overload>
		</KeyWord>
		<KeyWord name="datetostr" func="yes">
			<Overload retVal="String " desc="Example: &#10;&amp;nbsp;&amp;nbsp;1.&amp;nbsp;&amp;nbsp;&amp;nbsp;&amp;nbsp;datetostr (getdate()) will return today's date in the format MM/dd/yyyy HH:mm:ss if no format is supplied&#10;&#10;&amp;nbsp;&amp;nbsp;2.&amp;nbsp;&amp;nbsp;&amp;nbsp;&amp;nbsp;testDate = strtojavadate(&quot;02/03/2010 03-22-55&quot;, &quot;MM/dd/yyyy HH-mm-ss&quot;);&#10;&amp;nbsp;&amp;nbsp;&amp;nbsp;&amp;nbsp;&amp;nbsp;&amp;nbsp;&amp;nbsp;&amp;nbsp;&amp;nbsp;dateStr = datetostr(testDate, &quot;yyyy-MM-dd HH:mm:ss&quot;);&#10;&amp;nbsp;&amp;nbsp;&amp;nbsp;&amp;nbsp;&amp;nbsp;&amp;nbsp;&amp;nbsp;&amp;nbsp;&amp;nbsp;dateStr now holds the string &quot;2010-02-03 03:22:55&quot;&#10;&#10;&amp;nbsp;&amp;nbsp;&amp;nbsp;&amp;nbsp;&amp;nbsp;&amp;nbsp;&amp;nbsp;&amp;nbsp;&amp;nbsp;The date &amp; time was stored in the server's time zone by default (For this example, assume GMT-8).&#10;&amp;nbsp;&amp;nbsp;&amp;nbsp;&amp;nbsp;&amp;nbsp;&amp;nbsp;&amp;nbsp;&amp;nbsp;&amp;nbsp;To retrieve the data in another time zone, include the third parameters as string. See the editor's help page for valid time zone inputs.&#10;&#10;&amp;nbsp;&amp;nbsp;&amp;nbsp;&amp;nbsp;&amp;nbsp;&amp;nbsp;&amp;nbsp;&amp;nbsp;&amp;nbsp;datestr = datetostr(testDate, &quot;yyyy-MM-dd HH:mm:ss&quot;, &quot;GMT-6&quot;)&#10;&amp;nbsp;&amp;nbsp;&amp;nbsp;&amp;nbsp;&amp;nbsp;&amp;nbsp;&amp;nbsp;&amp;nbsp;&amp;nbsp;datestr will return &quot;2010-02-03 01:22:55&quot;&#10;&#10;&amp;nbsp;&amp;nbsp;&amp;nbsp;&amp;nbsp;&amp;nbsp;&amp;nbsp;&amp;nbsp;&amp;nbsp;&amp;nbsp;twelvehour = datetostr(testDate, &quot;yyyy-MM-dd hh:mm:ss a&quot;, &quot;GMT+4&quot;)&#10;&amp;nbsp;&amp;nbsp;&amp;nbsp;&amp;nbsp;&amp;nbsp;&amp;nbsp;&amp;nbsp;&amp;nbsp;&amp;nbsp;twelvehour will return &quot;2010-02-03 03:22:55 PM&quot;&#10;&#10;&amp;nbsp;&amp;nbsp;3. The components that can be used to make up a valid date format string are:&lt;BR&gt;&amp;nbsp;&amp;nbsp;&amp;nbsp;&amp;nbsp;&amp;nbsp;&amp;nbsp;yyyy - Year in long form specifying all digits.&lt;br&gt;&amp;nbsp;&amp;nbsp;&amp;nbsp;&amp;nbsp;&amp;nbsp;&amp;nbsp;MM - Month in numeric format&lt;br&gt;&amp;nbsp;&amp;nbsp;&amp;nbsp;&amp;nbsp;&amp;nbsp;&amp;nbsp;dd - The day of the month in numeric form e.g 24&lt;br&gt;&amp;nbsp;&amp;nbsp;&amp;nbsp;&amp;nbsp;&amp;nbsp;&amp;nbsp;HH - The hour as a number in 24 hour form&lt;br&gt;&amp;nbsp;&amp;nbsp;&amp;nbsp;&amp;nbsp;&amp;nbsp;&amp;nbsp;hh - The hour as a number in 12 hour form&lt;br&gt;&amp;nbsp;&amp;nbsp;&amp;nbsp;&amp;nbsp;&amp;nbsp;&amp;nbsp;mm - Minutes&lt;br&gt;&amp;nbsp;&amp;nbsp;&amp;nbsp;&amp;nbsp;&amp;nbsp;&amp;nbsp;ss - Seconds&lt;br&gt;&amp;nbsp;&amp;nbsp;&amp;nbsp;&amp;nbsp;&amp;nbsp;&amp;nbsp;a  - AM/PM&lt;br&gt;&amp;nbsp;&amp;nbsp;&amp;nbsp;&amp;nbsp;&amp;nbsp;&amp;nbsp;z  - General Time Zone&lt;br&gt;&amp;nbsp;&amp;nbsp;&amp;nbsp;&amp;nbsp;&amp;nbsp;&amp;nbsp;Z  - RFC 822 Time Zone&lt;br&gt;&lt;br&gt;">
				<Param name="Date date ["/>
				<Param name="String dateFormat ["/>
				<Param name="String timeZone]]"/>
			</Overload>
		</KeyWord>
		<KeyWord name="dict" func="yes">
			<Overload retVal="Dictionary " desc="1. Creates a dictionary of the type specified by the dictType parameter.&#10;&#10;2. The dataTypes supported are:&#10;&quot;string&quot;, &quot;integer&quot;, &quot;float&quot;,&#10;&quot;string[]&quot;, &quot;integer[]&quot;, &quot;float[]&quot;,&#10;&quot;string[][]&quot;, &quot;integer[][]&quot;, &quot;float[][]&quot;,&#10;&quot;boolean&quot;, &quot;date&quot;, &quot;date[]&quot;, &quot;date[][]&quot;, &quot;dict&amp;lt;string&amp;gt;&quot;&#10;&#10;For example, &#10;d = dict(&quot;string&quot;);">
				<Param name="String dictType"/>
			</Overload>
		</KeyWord>
		<KeyWord name="endswith" func="yes">
			<Overload retVal="Boolean " desc="1. This function is case-sensitive.  &#10; &#10;2. If string ends with provided substring, the function returns true, false if not">
				<Param name="String str"/>
				<Param name="String substring"/>
			</Overload>
		</KeyWord>
		<KeyWord name="exp" func="yes">
			<Overload retVal="Float " desc="1. exp(NaN) returns 0.0 &#10; &#10;Example: exp (1) returns 2.7182818284590455, which is Euler's number e ">
				<Param name="Float x"/>
			</Overload>
		</KeyWord>
		<KeyWord name="fabs" func="yes">
			<Overload retVal="Float " desc="1. fabs(NaN) returns 999999.0">
				<Param name="Float x"/>
			</Overload>
		</KeyWord>
		<KeyWord name="find" func="yes">
			<Overload retVal="Integer " desc="1. This function is case-sensitive. &#10;&#10; 2. start (begin index) and end (end index) are optional.&#10;&#10;3. If not specified, start is 0 and end is length(Str).&#10;&#10;4. find(&quot;&quot;, &quot;&quot;) returns 0.&#10;&#10;5. find(&quot;&quot;, &quot;&quot;, num) where num &gt; 0 returns 0.&#10;&#10;6. find (&quot;str&quot;, &quot;substring&quot;, num), where num &gt; length(str) returns -1.">
				<Param name="String str"/>
				<Param name="String substr"/>
				<Param name="[Integer start]"/>
				<Param name="[Integer end]"/>
			</Overload>
		</KeyWord>
		<KeyWord name="findinarray" func="yes">
			<Overload retVal="Integer " desc="1. Returns index of an element in an array if a match is found, if no match is found -1 is returned.">
				<Param name="Array arrayIdentifier"/>
				<Param name="Integer(or Float"/>
				<Param name="String or Date"/>
			</Overload>
		</KeyWord>
		<KeyWord name="float[n]" func="yes">
			<Overload retVal="" desc="1. Negative number (including NaN, which is equal to -999999) specified for array size throws a runtime exception. For example, arr = float[-9]; throws a RuntimeException.&#10;&#10;2. When you specify the array size equal to jNaN, then array of size 0 is initialized.&#10;&#10;3. The maximum number of rows supported is 1000.&#10;&#10;4. For float array, the value in each field of the array after array declaration (example, arr = float[10];) is equal to 0.0, if the array fields are not initialized.&#10;&#10;5. These arrays are dynamic in nature and the length can be increased.  &#10;For example, &#10;fltArray = Float[2]; // This will create a float array of length 2 &#10;fltArray [4] = 2.1; // This will automatically extend the length of fltArray to 5">
				<Param name=""/>
			</Overload>
		</KeyWord>
		<KeyWord name="float[n][n]" func="yes">
			<Overload retVal="" desc="1. Negative number (including NaN, which is equal to -999999) specified for array size throws a runtime exception. For example, arr = float[-9][0]; throws a RuntimeException.&#10;&#10;2. When you specify the array size equal to jNaN, then array of size 0 is initialized.&#10;&#10;3. The maximum number of rows supported is 1000 and the maximum number of columns is 50.&#10;&#10;4. For float array, the value in each field of the array after array declaration (example, arr = float[10][2];) is equal to 0.0, if the array fields are not initialized.5. These arrays are dynamic in nature and the length can be increased.  &#10;For example, &#10;fltArray = Integer[2] [2]; // This will create a float array with two rows and two columns &#10;fltArray [2][3] = 5; // This will automatically extend the length of fltArray to include an extra column">
				<Param name=""/>
			</Overload>
		</KeyWord>
		<KeyWord name="fmod" func="yes">
			<Overload retVal="Float " desc="1. fmod(0,0) returns NaN&#10;&#10;2. fmod(NaN, 0) returns NaN&#10;&#10;3. fmod(0, NaN) returns 0.0">
				<Param name="Float x"/>
				<Param name="Float y"/>
			</Overload>
		</KeyWord>
		<KeyWord name="for...loop" func="yes">
			<Overload retVal="" desc="Example to loop through a 1-D array:&#10;&#10;arr = string[]{&quot;aaa&quot;, &quot;bbb&quot;, &quot;ccc&quot;};&#10;for arrElement in arr {&#10;&amp;nbsp;&amp;nbsp;print(arrElement);&#10;} &#10; &#10;Example to loop through a 2-D array:&#10;&#10;int2DArr = Integer [] [] { {1,2}, {2,3}};&#10;for row in int2DArr {&#10;&amp;nbsp;for element in row {&#10;&amp;nbsp;&amp;nbsp;print(element);&#10;&amp;nbsp;}&#10;}">
				<Param name="&amp;lt;variable&amp;gt;"/>
			</Overload>
		</KeyWord>
		<KeyWord name="formatascurrency" func="yes">
			<Overload retVal="String " desc="1. This function takes the first parameter and formats that number to the transaction's currency if used within a commerce transaction or the current user's currency otherwise.&lt;br&gt;2. The second parameter can be included to format the value to a different currency if desired.&lt;br&gt;&lt;br&gt;Example: formatascurrency(32.15, &quot;EUR&quot;); will return the string &quot;&amp;euro;32,15&quot;.">
				<Param name="Float x"/>
				<Param name="[String currencyCode]"/>
			</Overload>
		</KeyWord>
		<KeyWord name="get" func="yes">
			<Overload retVal="&lt;DictionaryType&gt; " desc="1. Gets the value from the dictionary for the key provided.&#10;&#10;2. Get is also used to get the value of a field in a record.&#10;&#10;For example of dictionary, &#10;d = dict(&quot;string&quot;);&#10;put(d, &quot;key1&quot;, &quot;testValue1&quot;);&#10;s = get(d, &quot;key1&quot;);&#10;&#10;&#10;For example on Record, &#10;rows = bmql(&quot;select col...&quot;);&#10;for row in rows {&#10;&amp;nbsp;&amp;nbsp;&amp;nbsp;&amp;nbsp;val = get(row, &quot;col&quot;); // returns value of 'col' in that row&#10;};">
				<Param name="Dictionary dictionaryIdentifier"/>
				<Param name="String(or Integer"/>
				<Param name="Float"/>
			</Overload>
		</KeyWord>
		<KeyWord name="getarrayattrstring" func="yes">
			<Overload retVal="String " desc="Example: &#10;&#10;&amp;nbsp;&amp;nbsp;&amp;nbsp;&amp;nbsp;pool_length = integer[];&#10;&amp;nbsp;&amp;nbsp;&amp;nbsp;&amp;nbsp;pool_length[0] = 300;&#10;&amp;nbsp;&amp;nbsp;&amp;nbsp;&amp;nbsp;pool_length[1] = 400;&#10;&amp;nbsp;&amp;nbsp;&amp;nbsp;&amp;nbsp;result = getarrayattrstring(pool_length);&#10;&#10;result now holds the string &quot;300$,$400&quot;">
				<Param name="SingleArray arrayIdentifier"/>
			</Overload>
		</KeyWord>
		<KeyWord name="getboolean" func="yes">
			<Overload retVal="Boolean " desc="1. Returns the boolean value in the Record given the field name&#10;&#10;Example: &#10;&#10;rows = bmql(&quot;select intcol... &quot;);&#10;for row in rows {&#10;&amp;nbsp;&amp;nbsp;&amp;nbsp;&amp;nbsp;val = getboolean(row, &quot;intcol&quot;);&#10;&amp;nbsp;&amp;nbsp;&amp;nbsp;&amp;nbsp;if(val); // can do boolean operations.Useful in if conditions&#10;}">
				<Param name="Record record"/>
				<Param name="String fieldName"/>
			</Overload>
		</KeyWord>
		<KeyWord name="getconfigattrvalue" func="yes">
			<Overload retVal="String " desc="1. Gets the value for the config attribute in commerce.&#10;2. System attribute _config_attr_info has to be selected as rule input. If the _config_attr_info is not selected as rule input, and getConfigAttrValue is used, a compile error should be shown to the user.&#10;3. In case of menu attributes, the returned value is the menu item variable name.&#10;4. Always returns a String">
				<Param name="String configAttrVarname"/>
			</Overload>
		</KeyWord>
		<KeyWord name="getcurrencyvalue" func="yes">
			<Overload retVal="Float " desc="1. This function parses the first parameter using the currency format specified by the currency code passed in the second parameter and returns the float value.&lt;br&gt;2. When the second parameter is omitted, this function uses the transaction's currency if used within a commerce transaction. When used elsewhere, the current user's currency preference is used.&lt;br&gt;&lt;br&gt;Example: getcurrencyvalue(&quot;&amp;euro;32,15&quot;, &quot;EUR&quot;); will return the Float 32.15.">
				<Param name="String value"/>
				<Param name="[String currencyCode]"/>
			</Overload>
		</KeyWord>
		<KeyWord name="getcurrenttimeinmillis" func="yes">
			<Overload retVal="Integer " desc="Returns current time in millisecond.">
				<Param name=""/>
			</Overload>
		</KeyWord>
		<KeyWord name="getdate" func="yes">
			<Overload retVal="Date " desc="1. This function will return the current system date &lt;br&gt;2. The parameter includeTime is optional.  If it is not included it will be set to true by default.">
				<Param name="[boolean includeTime]"/>
			</Overload>
		</KeyWord>
		<KeyWord name="getdate (for bmql)" func="yes">
			<Overload retVal="" desc="1. Returns the date value in the Record given the field name&#10;&#10;Example: &#10;&#10;rows = bmql(&quot;select datecol... &quot;);&#10;for row in rows {&#10;&amp;nbsp;&amp;nbsp;&amp;nbsp;&amp;nbsp;val = getdate(row, &quot;datecol&quot;);&#10;&amp;nbsp;&amp;nbsp;&amp;nbsp;&amp;nbsp;isweekend(val); // can do date operations.Date functions can be applied&#10;}">
				<Param name="Record record"/>
				<Param name="String fieldName"/>
			</Overload>
		</KeyWord>
		<KeyWord name="getdiffindays" func="yes">
			<Overload retVal="Number " desc="1. getdiffindays (date1, date2) returns the same integer value as getdiffindays (date2, date1)">
				<Param name="Date date1"/>
				<Param name="Date date2"/>
			</Overload>
		</KeyWord>
		<KeyWord name="getfloat" func="yes">
			<Overload retVal="Float " desc="1. Returns the float value in the Record given the field name&#10;&#10;Example: &#10;&#10;rows = bmql(&quot;select intcol... &quot;);&#10;for row in rows {&#10;&amp;nbsp;&amp;nbsp;&amp;nbsp;&amp;nbsp;val = getfloat(row, &quot;intcol&quot;);&#10;&amp;nbsp;&amp;nbsp;&amp;nbsp;&amp;nbsp;val2 = val * 0.1; // can do float operations&#10;}">
				<Param name="Record record"/>
				<Param name="String fieldName"/>
			</Overload>
		</KeyWord>
		<KeyWord name="getint" func="yes">
			<Overload retVal="Integer " desc="1. Returns the integer value in the Record given the field name&#10;&#10;Example: &#10;&#10;rows = bmql(&quot;select intcol... &quot;);&#10;for row in rows {&#10;&amp;nbsp;&amp;nbsp;&amp;nbsp;&amp;nbsp;val = getint(row, &quot;intcol&quot;);&#10;&amp;nbsp;&amp;nbsp;&amp;nbsp;&amp;nbsp;val2 = val + 10; // can do integer operations&#10;}">
				<Param name="Record record"/>
				<Param name="String fieldName"/>
			</Overload>
		</KeyWord>
		<KeyWord name="getmessage" func="yes">
			<Overload retVal="String " desc="1. Returns the error message if the query execution failed and the RecordSet has errors.&#10;2. Returns empty string if there are no errors.&#10;&#10;Example: &#10;&#10;rows = bmql(&quot;select col... &quot;);&#10;if(haserror(rows)) {&#10;&amp;nbsp;&amp;nbsp;&amp;nbsp;&amp;nbsp; msg = getmessage(rows); // msg has the error message why the query failed&#10;}">
				<Param name="RecordSet recordSet"/>
			</Overload>
		</KeyWord>
		<KeyWord name="getpartsdata" func="yes">
			<Overload retVal="String[][] " desc="&lt;b&gt;Deprecated&lt;/b&gt;: This function is vulnerable to SQL injection and its usage is discouraged.  Use &lt;tt&gt;BMQL()&lt;/tt&gt; instead. &lt;i&gt;Please refer to the site documentation for further details.&lt;/i&gt;&#10;&#10;1. If a partNumber that does not exist is passed as a parameter to this function, then the 2-D array returned will not contain a row with the invalid partNumber &#10;2. If the same partNumber is included multiple times in the partNumbers input array, then only 1 row with the partNumber and the related information is returned. &#10;For Example, result = getpartsdata (string [] {&quot;part_custom_field1&quot;}, string [] {&quot;part1, part1&quot;}, &quot;USD&quot;, &quot;pb1&quot;). Here, result is a 2-D array with 1 row and contains the partNumber and the part_custom_field1 information&#10;3. The mandatory parameters are userSelectFields and partNumbers.Example:&#10;Assume the fields you are attempting to retrieve are part_number and part_custom_field_1 and your query is based on specific part numbers, currency code and a price book.&#10;userSelectFields = string[]{&quot;part_custom_field_1&quot;,&quot;part_number&quot;};&#10;partNumbers = string[]{&quot;pno1&quot;, &quot;pno2&quot;};&#10;currencyCode = &quot;USD&quot;;&#10;priceBookVarName = &quot;pb1&quot;;&#10;doubleArr = getpartsdata(userSelectFields, partNumbers, currencyCode, priceBookVarName);&#10;Note that the first field for every row in the 2-D array returned by this function will be the part number followed by the specified user select fields.&#10; &#10;">
				<Param name="String[] userSelectFields"/>
				<Param name="String[] partNumbers"/>
				<Param name="String currencyCode"/>
				<Param name="[String priceBookVarName]"/>
			</Overload>
		</KeyWord>
		<KeyWord name="getreasonstatus" func="yes">
			<Overload retVal="Integer " desc="Returns status of the given reason.  Following are the Integer Constants that may be returned . &#10;BM_REASON_STATUS_INVALID : no reason exists in admin reason tree with given variable name. &#10;BM_REASON_STATUS_INACTIVE : reason exists in admin reason tree but condition for the reason is not met. so no record for it exists in buyside tree. &#10;BM_REASON_STATUS_PENDING : reason exists in buyside reason tree and there are pending approvals. &#10;BM_REASON_STATUS_APPROVED : reason exists in buyside tree and it is approved by all approvers ie the reason is completely approved. &#10;BM_REASON_STATUS_REJECTED : reason exists in buyside tree but it is rejected by at least one approver. &#10;">
				<Param name="String"/>
			</Overload>
		</KeyWord>
		<KeyWord name="getstrdate" func="yes">
			<Overload retVal="String " desc="1. This function will return the current system date string.">
				<Param name=""/>
			</Overload>
		</KeyWord>
		<KeyWord name="gettabledata" func="yes">
			<Overload retVal="String[][] " desc="&lt;b&gt;Deprecated&lt;/b&gt;: This function is vulnerable to SQL injection and its usage is discouraged.  Use &lt;tt&gt;BMQL()&lt;/tt&gt; instead. &lt;i&gt;Please refer to the site documentation for further details.&lt;/i&gt;&#10;&#10;1. Following comparators are supported by the gettabledata BML function:&#10;&quot;=&quot;, &quot;&lt;&gt;&quot;, &quot;&lt;&quot;, &quot;&gt;&quot;, &quot;&lt;=&quot;, &quot;&gt;=&quot;, and &quot;like&quot;.&#10;&#10;2.The gettabledata function allows direct access to the data tables. This is similar to a SQL SELECT command. See example below.&#10;3. The tablename and selectColumns parameters are mandatory.  All other parameters are optional. &#10; When the whereClauseComps parameter is not specified, it is assumed to the &quot;=&quot;&#10;4. whereClauseUseORs:  When this is false (default) all the conditions are logically AND'ed i.e. they form (condition1 AND condition2 AND condition3...).  When this parameter is true then the conditions are logically OR'ed i.e. they form (condition1 OR condition2 OR condition3...)&#10;&#10;Example:&#10;Assume you have a data table with four columns: color, shape, length and area. To get data from this table, frame your query as follows &#10;selectColumns = string[]{&quot;color&quot;,&quot;shape&quot;};&#10;whereClauseColumns = string[]{&quot;length&quot;, &quot;area&quot;};&#10;whereClauseValues = integer[]{10, 300};&#10;whereClauseComps = string[]{&quot;&gt;&quot;, &quot;&lt;&quot;};&#10;doubleArr = gettabledata(&quot;my_table&quot;, selectColumns, whereClauseColumns, whereClauseValues, whereClauseComps); &#10;This will return a 2-D array with the color and the shape columns when length &gt; 10 and area &lt; 300 ">
				<Param name="String tableName"/>
				<Param name="String[] selectColumns"/>
				<Param name="[String[] whereClauseColumns"/>
				<Param name="String[] whereClauseValues"/>
				<Param name="[String[] whereClauseComps"/>
				<Param name="[boolean whereClauseUseORs]]]"/>
			</Overload>
		</KeyWord>
		<KeyWord name="haserror" func="yes">
			<Overload retVal="Boolean " desc="1. Returns true if the query execution failed and the RecordSet has errors.&#10;&#10;Example: &#10;&#10;rows = bmql(&quot;select col... &quot;);&#10;if(haserror(rows)) {&#10;&amp;nbsp;&amp;nbsp;&amp;nbsp;&amp;nbsp; ... ; // comes in here if the query execution failed&#10;}">
				<Param name="RecordSet recordSet"/>
			</Overload>
		</KeyWord>
		<KeyWord name="hypot" func="yes">
			<Overload retVal="Float " desc=" 1. hypot (jNAN, jNAN) returns NaN.&#10;&#10;2. hypot (NAN, NAN) returns 1414212.1481595326 &#10;&#10;3. Negative numbers can be passed as parameters to this function. For example, hypot (-3, -4) returns 5.0 ">
				<Param name="Float x"/>
				<Param name="Float y"/>
			</Overload>
		</KeyWord>
		<KeyWord name="if..." func="yes">
			<Overload retVal="" desc="1. Example:&#10;if(attr1 &gt; 100){&#10;&amp;nbsp;&amp;nbsp; return true;}">
				<Param name="&amp;lt;conditional expression&amp;gt;"/>
			</Overload>
		</KeyWord>
		<KeyWord name="if...else" func="yes">
			<Overload retVal="" desc="1. Example:&#10;if(attr1 == 100){&#10;&amp;nbsp;&amp;nbsp; return true;} else {&#10;&#10;&amp;nbsp;&amp;nbsp; return false;}">
				<Param name="s"/>
			</Overload>
		</KeyWord>
		<KeyWord name="if...else...if" func="yes">
			<Overload retVal="" desc="1. Example:&#10;if(attr1 == 100){&#10;&amp;nbsp;&amp;nbsp; return true;} elif (attr1 == 200){&#10;&amp;nbsp;&amp;nbsp; return false;}">
				<Param name="&amp;lt;conditional expression&amp;gt;"/>
			</Overload>
		</KeyWord>
		<KeyWord name="integer" func="yes">
			<Overload retVal="Integer " desc="1. integer (NAN) returns -999999&#10;&#10;integer (jNAN) returns 0 &#10;&#10;">
				<Param name="Float x"/>
			</Overload>
		</KeyWord>
		<KeyWord name="integer[n]" func="yes">
			<Overload retVal="" desc="1. Negative number (including NaN, which is equal to -999999) specified for array size throws a runtime exception. For example, arr = integer[-9]; throws a RuntimeException.&#10;&#10;2. When you specify the array size equal to jNaN, then array of size 0 is initialized.&#10;&#10;3. The maximum number of rows supported is 1000.&#10;&#10;4. For integer array, the value in each field of the array after array declaration (example, arr = integer[10];) is equal to 0, if the array fields are not initialized. &#10; &#10;5. These arrays are dynamic in nature and the length can be increased.  &#10;For example, &#10;intArray = Integer[2]; // This will create an integer array of length 2 &#10;intArray [4] = 2; // This will automatically extend the length of intArray to 5">
				<Param name=""/>
			</Overload>
		</KeyWord>
		<KeyWord name="integer[n][n]" func="yes">
			<Overload retVal="" desc="1. Negative number (including NaN, which is equal to -999999) specified for array size throws a runtime exception. For example, arr = integer[-9][0]; throws a RuntimeException.&#10;&#10;2. When you specify the array size equal to jNaN, then array of size 0 is initialized.&#10;&#10;3. The maximum number of rows supported is 1000 and the maximum number of columns is 50.&#10;&#10;4. For integer array, the value in each field of the array after array declaration (example, arr = integer[10][2];) is equal to 0, if the array fields are not initialized.5. These arrays are dynamic in nature and the length can be increased.  &#10;For example, &#10;intArray = Integer[2] [2]; // This will create an integer array with two rows and two columns &#10;intArray [2][3] = 5; // This will automatically extend the length of intArray to include an extra column">
				<Param name=""/>
			</Overload>
		</KeyWord>
		<KeyWord name="invoke" func="yes">
			<Overload retVal="String " desc="Example: &#10;The following script invokes the global function someGlobalFunction. The parameters are passed as a delimited string.  In case a valid string is not returned by someGlobalFunction, the default string is &quot;error_in_rule&quot; &#10;params = &quot;&quot;; &#10;params = var_frequency + &quot;~&quot; + &quot;model number&quot;; &#10;return invoke(&quot;someGlobalFunction&quot;,params,&quot;error_in_rule&quot;);">
				<Param name="String globalTableFunction"/>
				<Param name="[String delimitedData"/>
				<Param name="[String defaultData]]"/>
			</Overload>
		</KeyWord>
		<KeyWord name="isempty" func="yes">
			<Overload retVal="Boolean " desc="1. Returns true if array is empty, false if not">
				<Param name="Array arrayIdentifier"/>
			</Overload>
		</KeyWord>
		<KeyWord name="isleap" func="yes">
			<Overload retVal="Boolean " desc="1. The year should be any number between 999 and 9999 &#10; &#10;2. This function returns 0 if the year is not a leap year and 1 if it is a leap year">
				<Param name="Integer year_num"/>
			</Overload>
		</KeyWord>
		<KeyWord name="isnull" func="yes">
			<Overload retVal="Boolean " desc="Returns true if the Object passed is null. &#10;For example, say getconfigattrvalue() is called for a non-existing attribute. It returns null. now if the return value is passed to isnull() method, it will return true. ">
				<Param name="String (or Date (or Array or (dict"/>
			</Overload>
		</KeyWord>
		<KeyWord name="isnumber" func="yes">
			<Overload retVal="Boolean " desc="1. If str is an empty string, then function returns false. &#10;&#10;2.  If no string is passed to the function, then a compile time error is thrown">
				<Param name="String str"/>
			</Overload>
		</KeyWord>
		<KeyWord name="isweekend" func="yes">
			<Overload retVal="Boolean " desc="Returns 0 if the day is not a weekend and returns 1 if the day is a weekend">
				<Param name="Date date"/>
			</Overload>
		</KeyWord>
		<KeyWord name="jNaN" func="yes">
			<Overload retVal="" desc="jNAN is a constant that stands for Not a Number">
				<Param name=""/>
			</Overload>
		</KeyWord>
		<KeyWord name="join" func="yes">
			<Overload retVal="String " desc="1. This function is case-sensitive. &#10;&#10; 2. If str array is empty, then function returns empty string.&#10;&#10;3. If both str and delimiter are empty, then function returns empty string.&#10;&#10;4. If delimiter is empty, then function returns all the array entries concatenated.&#10;&#10;Example: strArr1 = string[]{&quot;1&quot;, &quot;2&quot;, &quot;3&quot;};&#9;strArr2 = join(strArr1, &quot;&quot;); will set the value of strArr2 to &quot;123&quot;.">
				<Param name="String[] str_array"/>
				<Param name="String delimiter"/>
			</Overload>
		</KeyWord>
		<KeyWord name="len" func="yes">
			<Overload retVal="Integer " desc="1. If str is an empty string, then function returns 0. &#10; &#10;2. If a string with spaces is passed as an input, then the spaces are counted in the length of the string.  For example, len (&quot;The cat in the hat&quot;) returns 18 ">
				<Param name="String str"/>
			</Overload>
		</KeyWord>
		<KeyWord name="ln" func="yes">
			<Overload retVal="Float " desc="1. ln(NaN) returns NaN.&#10;&#10;2. ln(0) or ln(-0) is Negative infinity.&#10;&#10;3. ln(infinity) is infinity.">
				<Param name="Float x"/>
			</Overload>
		</KeyWord>
		<KeyWord name="log" func="yes">
			<Overload retVal="Float " desc="1. log(NaN) returns NaN in 8.0.0.&#10;&#10;2. log(0) or log(-0) is Negative infinity.&#10;&#10;3. log(infinity) is infinity.">
				<Param name="Float x"/>
			</Overload>
		</KeyWord>
		<KeyWord name="lower" func="yes">
			<Overload retVal="String " desc="1. This function is case-sensitive. &#10;&#10; 2. If str is empty, then function returns empty string.">
				<Param name="String str"/>
			</Overload>
		</KeyWord>
		<KeyWord name="makeurlparam" func="yes">
			<Overload retVal="String " desc="Example: makeurlparam({'name1':value1, 'name2':value2}) returns a string &quot;name1=value1&amp;name2=value2&quot;">
				<Param name="{'name':value1"/>
				<Param name="'name2':value2}"/>
			</Overload>
		</KeyWord>
		<KeyWord name="max" func="yes">
			<Overload retVal="Integer(or Float or Date) " desc="1. Returns the largest integer/float/date in the array.">
				<Param name="or Float or Date"/>
			</Overload>
		</KeyWord>
		<KeyWord name="min" func="yes">
			<Overload retVal="Integer(or Float or Date) " desc="1. Returns smallest inetger/float/date element of the array.">
				<Param name="or Float or Date"/>
			</Overload>
		</KeyWord>
		<KeyWord name="minusdays" func="yes">
			<Overload retVal="Date " desc="1. minusdays(dt, -99999) or minusdays(dt, 99999) returns a valid result.">
				<Param name="Date date"/>
				<Param name="Integer num_of_days"/>
			</Overload>
		</KeyWord>
		<KeyWord name="pow" func="yes">
			<Overload retVal="Float " desc="1. pow(0,NaN) is infinity.">
				<Param name="Float x"/>
				<Param name="Float y"/>
			</Overload>
		</KeyWord>
		<KeyWord name="print" func="yes">
			<Overload retVal="" desc="Example: &#10;print(&quot;abba&quot;) will display abba in the console window in the Function Editor.&#10; &#10;intArray = integer[]{1,2,3,4,5}; &#10;print(intArray); //Will display [1,2,3,4,5] in the console window.&#10; &#10;testDict =dict(&quot;string&quot;);&#10;put(testDict,&quot;key1&quot;,&quot;X&quot;);&#10;put(testDict,&quot;key2&quot;,&quot;Y&quot;);&#10;print textDict;//Will display {key1=X, key2=Y} in the console window.&#10; &#10;">
				<Param name="String(or Array(or Dictionary(or Numeric(or Date(or Boolean"/>
			</Overload>
		</KeyWord>
		<KeyWord name="put" func="yes">
			<Overload retVal="" desc="1. Puts an entry (key-value pair) into the dictionary.&#10;&#10;For example, &#10;d = dict(&quot;string&quot;);&#10;put(d, &quot;key1&quot;, &quot;testValue1&quot;);">
				<Param name="Dictionary dictionaryIdentifier"/>
				<Param name="String(or Integer"/>
				<Param name="Float"/>
			</Overload>
		</KeyWord>
		<KeyWord name="range" func="yes">
			<Overload retVal="Integer[] " desc="1. This function is case-sensitive.  &#10; &#10; 2. If x is 0, then the function returns an integer[0].&#10; &#10;Example: intArray = range(2) returns an integer array of size 2 where, intArray [0] = 0, intArray [1] = 1 ">
				<Param name="Integer x"/>
			</Overload>
		</KeyWord>
		<KeyWord name="recordset" func="yes">
			<Overload retVal="RecordSet " desc="1. Returns a new RecordSet to be used for later assignments.&#10;&#10;Example: &#10;&#10;rs = recordset();&#10;if(...) {&#10;&amp;nbsp;&amp;nbsp;&amp;nbsp;&amp;nbsp;rs = bmql(query1);&#10;} else {&#10;&amp;nbsp;&amp;nbsp;&amp;nbsp;&amp;nbsp;rs = bmql(query2);&#10;}">
				<Param name=""/>
			</Overload>
		</KeyWord>
		<KeyWord name="remove" func="yes">
			<Overload retVal="Integer " desc="1. Returns new size of array after removing the element.&#10;&#10;2. If the array is empty, the remove will fail.&#10;&#10;3. Only integers are allowed to be passed in for the index of the element to be removed.">
				<Param name="Array arrayIdentifier"/>
				<Param name="Integer removePos"/>
			</Overload>
		</KeyWord>
		<KeyWord name="replace" func="yes">
			<Overload retVal="String " desc="1. This function is case-sensitive.  &#10; &#10; 2. replace(&quot;&quot;, &quot;&quot;, &quot;&quot;) throws an exception.&#10;&#10;3. replace(&quot;abc&quot;, &quot;&quot;, &quot;&quot;) throws an exception.&#10;&#10;4. replace(&quot;abc&quot;, &quot;&quot;, &quot;1&quot;) throws an exception.">
				<Param name="String str"/>
				<Param name="String old"/>
				<Param name="String new"/>
				<Param name="[Integer n]"/>
			</Overload>
		</KeyWord>
		<KeyWord name="reverse" func="yes">
			<Overload retVal="Array " desc="1. Returns an array with all the elements in the reverse order.">
				<Param name="Array arrayIdentifier"/>
			</Overload>
		</KeyWord>
		<KeyWord name="round" func="yes">
			<Overload retVal="Float " desc="1. round(num, NaN) returns NaN.">
				<Param name="Float x"/>
				<Param name="Integer y"/>
			</Overload>
		</KeyWord>
		<KeyWord name="sin" func="yes">
			<Overload retVal="Float " desc="1. sin (NAN) returns 0.9773520315382229&#10;&#10;2. sin (jNAN) returns NAN &#10;&#10;">
				<Param name="Float x"/>
			</Overload>
		</KeyWord>
		<KeyWord name="sinh" func="yes">
			<Overload retVal="Float " desc="1. sinh(NaN) returns -Infinity. &#10; &#10; 2. sinh (jNAN) returns NAN ">
				<Param name="Float x"/>
			</Overload>
		</KeyWord>
		<KeyWord name="sizeofarray" func="yes">
			<Overload retVal="Integer " desc="1. Size of double array returns the number of rows, for example&#10;&#10;arr = string[10][2]; size = sizeofarray(arr); will assign value 10 to variable size.">
				<Param name="Array arrayIdentifier"/>
			</Overload>
		</KeyWord>
		<KeyWord name="sort" func="yes">
			<Overload retVal="Array " desc="1. Returns new sorted array.">
				<Param name="Array arrayIdentifier"/>
				<Param name="[String sortOrder"/>
				<Param name="[String sortType]]"/>
			</Overload>
		</KeyWord>
		<KeyWord name="split" func="yes">
			<Overload retVal="String[] " desc="1. This function is case-sensitive. &#10;&#10; 2. If str is empty string then function returns empty array of size 1.&#10;&#10;3. If both str and separator is empty, then function returns empty array of size 1.&#10;&#10;4. If separator is empty, then then every character in the passed string str is split.&#10;&#10;Example:  strArray = split(&quot;a.b.c&quot;, &quot;&quot;);  will return an array with every character split, that is sa will be [&quot;a&quot;,&quot;.&quot;, &quot;b&quot;, &quot;.&quot;, &quot;c&quot;] with size 5.">
				<Param name="String str"/>
				<Param name="String separator"/>
			</Overload>
		</KeyWord>
		<KeyWord name="sqrt" func="yes">
			<Overload retVal="Float " desc="1. sqrt(num) where num &lt; 0 (negative) and sqrt(NaN) returns NaN.">
				<Param name="Float x"/>
			</Overload>
		</KeyWord>
		<KeyWord name="startswith" func="yes">
			<Overload retVal="Boolean " desc="1. This function is case-sensitive.  &#10; &#10;2. If string starts with provided substring, the function returns true, false if not">
				<Param name="String str"/>
				<Param name="String substring"/>
			</Overload>
		</KeyWord>
		<KeyWord name="string" func="yes">
			<Overload retVal="String " desc="1. This function is case-sensitive. &#10; &#10;2. This function will throw a compile time error if a string is passed in as a parameter &#10; &#10;Example: string(4) will return &quot;4&quot; ">
				<Param name="Float(or Integer(or Boolean"/>
			</Overload>
		</KeyWord>
		<KeyWord name="string[n]" func="yes">
			<Overload retVal="" desc="1. Negative number (including NaN, which is equal to -999999) specified for array size throws a runtime exception. For example, arr = string[-9]; throws a RuntimeException.&#10;&#10;2. When you specify the array size equal to jNaN, then array of size 0 is initialized.&#10;&#10;3. The maximum number of rows supported is 1000.&#10;&#10;4. For string array, the value in each field of the array after array declaration (example, arr = string[10];) is equal to null, if the array fields are not initialized. &#10; &#10;5. These arrays are dynamic in nature and the length can be increased.  &#10;For example, &#10;strArray = String [2]; // This will create a string array of length 2 &#10;strArray [4] = &quot;a&quot;; // This will automatically extend the length of strArray to 5">
				<Param name=""/>
			</Overload>
		</KeyWord>
		<KeyWord name="string[n][n]" func="yes">
			<Overload retVal="" desc="1. Negative number (including NaN, which is equal to -999999) specified for array size throws a runtime exception. For example, arr = string[-9][0]; throws a RuntimeException.&#10;&#10;2. When you specify the array size equal to jNaN, then array of size 0 is initialized.&#10;&#10;3. The maximum number of rows supported is 1000 and the maximum number of columns is 50.&#10;&#10;4. For string array, the value in each field of the array after array declaration (example, arr = integer[10][2];) is equal to null, if the array fields are not initialized.">
				<Param name=""/>
			</Overload>
		</KeyWord>
		<KeyWord name="strtodate" func="yes">
			<Overload retVal="Date " desc="1. If the str value is empty string then strtodate returns ERROR_DATE which in 01/01/0001 (MM/DD/YYYY).&#10;&#10;2. If there is a parsing error due to mismatch of str value and the format string passed to strtodate function then the same ERROR_DATE is returned.&#10;&#10;3. The components that can be used to make up a valid date format string are:&lt;br&gt;&amp;nbsp;&amp;nbsp;&amp;nbsp;&amp;nbsp;%Y - Year in long form specifying all digits.&lt;br&gt;&amp;nbsp;&amp;nbsp;&amp;nbsp;&amp;nbsp;%m - Month in numeric format&lt;br&gt;&amp;nbsp;&amp;nbsp;&amp;nbsp;&amp;nbsp;%d - The day of the month in numeric form e.g 24&lt;br&gt;&amp;nbsp;&amp;nbsp;&amp;nbsp;&amp;nbsp;%H - The hour as a number in 24 hour form&lt;br&gt;&amp;nbsp;&amp;nbsp;&amp;nbsp;&amp;nbsp;%M - Minutes&lt;br&gt;&amp;nbsp;&amp;nbsp;&amp;nbsp;&amp;nbsp;%S - Seconds&lt;br&gt;&amp;nbsp;&amp;nbsp;&amp;nbsp;&amp;nbsp;%T - Time.  This is a shorter way of writing a time component in the form %H:%M:%S&#10;&#10; Example: strtodate(&quot;10/10/2008&quot;, &quot;%m/%d/%Y&quot;) returns a date object representing October 10, 2010.&#10;4. By default, the date will save to the server's time zone. The Date can be created with a predefined time zone, provided that the correct time zone id is entered.&#10;&amp;nbsp;&amp;nbsp;&amp;nbsp;&amp;nbsp;See the editor's help page for valid time zone inputs.&#10;&amp;nbsp;&amp;nbsp;&amp;nbsp;&amp;nbsp;Example: &lt;br&gt;&lt;br&gt;&amp;nbsp;&amp;nbsp;&amp;nbsp;&amp;nbsp;To Convert to US Format:&lt;br&gt;&amp;nbsp;&amp;nbsp;&amp;nbsp;&amp;nbsp;strtodate(&quot;02/12/2010&quot;, &quot;%m/%d/%Y&quot;) returns a date object representing February 12th, 2010.&lt;br&gt;&lt;br&gt;&amp;nbsp;&amp;nbsp;&amp;nbsp;&amp;nbsp;To Convert to European Format:&lt;br&gt;&amp;nbsp;&amp;nbsp;&amp;nbsp;&amp;nbsp;strtodate(&quot;01/02/2010&quot;, &quot;%d/%m/%Y&quot;) returns a date object representing February 1st, 2010.&#10;&#10;&amp;nbsp;&amp;nbsp;&amp;nbsp;&amp;nbsp;To Convert to European Format w/ Paris, France time zone&#10;&amp;nbsp;&amp;nbsp;&amp;nbsp;&amp;nbsp;parisdate = strtodate(&quot;01/02/2010 16:30:40&quot;, &quot;%d/%m/%Y %H:%M:%S&quot;, &quot;Europe/Paris&quot;) returns a date object representing February 1st, 2010 with a time zone in Paris France.&#10;&#10;&amp;nbsp;&amp;nbsp;&amp;nbsp;&amp;nbsp;When the datetostr method is used, another time zone can be specified and will render with the appropriate time difference.&#10;&amp;nbsp;&amp;nbsp;&amp;nbsp;&amp;nbsp;datetostr(parisdate, &quot;dd/MM/yyyy %H:%M:%S&quot;, &quot;America/Chicago&quot;) will display &quot;01/02/2010 09:30:40&quot;&#10;&#10;">
				<Param name="String str"/>
				<Param name="String format ["/>
				<Param name="String timeZone]"/>
			</Overload>
		</KeyWord>
		<KeyWord name="strtojavadate" func="yes">
			<Overload retVal="Date " desc="1. If str is empty string or any string which cannot be parsed using given format, then this method throws an exception, unlike strtodate method.&#10;&#10;2. The format strings supported are different from the ones supported by strtodate function.&#10;&#10;3. The components that can be used to make up a valid date format string are:&lt;BR&gt;&amp;nbsp;&amp;nbsp;&amp;nbsp;&amp;nbsp;yyyy - Year in long form specifying all digits.&lt;br&gt;&amp;nbsp;&amp;nbsp;&amp;nbsp;&amp;nbsp;MM - Month in numeric format&lt;br&gt;&amp;nbsp;&amp;nbsp;&amp;nbsp;&amp;nbsp;dd - The day of the month in numeric form e.g 24&lt;br&gt;&amp;nbsp;&amp;nbsp;&amp;nbsp;&amp;nbsp;HH - The hour as a number in 24 hour form&lt;br&gt;&amp;nbsp;&amp;nbsp;&amp;nbsp;&amp;nbsp;hh - The hour as a number in 12 hour form&lt;br&gt;&amp;nbsp;&amp;nbsp;&amp;nbsp;&amp;nbsp;mm - Minutes&lt;br&gt;&amp;nbsp;&amp;nbsp;&amp;nbsp;&amp;nbsp;ss - Seconds&lt;br&gt;&amp;nbsp;&amp;nbsp;&amp;nbsp;&amp;nbsp;a  - AM/PM&lt;br&gt;&lt;br&gt;4. By default, the date will save to the server's time zone. The Date can be created with a predefined time zone, provided that the correct time zone id is entered.&#10;&amp;nbsp;&amp;nbsp;&amp;nbsp;&amp;nbsp;See the editor's help page for valid time zone inputs.&#10;&amp;nbsp;&amp;nbsp;&amp;nbsp;&amp;nbsp;Example: &lt;br&gt;&lt;br&gt;&amp;nbsp;&amp;nbsp;&amp;nbsp;&amp;nbsp;To Convert to US Format:&lt;br&gt;&amp;nbsp;&amp;nbsp;&amp;nbsp;&amp;nbsp;strtojavadate(&quot;02/12/2010&quot;, &quot;MM/dd/yyyy&quot;) returns a date object representing February 12th, 2010.&lt;br&gt;&lt;br&gt;&amp;nbsp;&amp;nbsp;&amp;nbsp;&amp;nbsp;To Convert to European Format:&lt;br&gt;&amp;nbsp;&amp;nbsp;&amp;nbsp;&amp;nbsp;strtojavadate(&quot;01/02/2010&quot;, &quot;dd/MM/yyyy&quot;) returns a date object representing February 1st, 2010.&#10;&#10;&amp;nbsp;&amp;nbsp;&amp;nbsp;&amp;nbsp; To Convert to European Format w/ Paris, France time zone&#10;&amp;nbsp;&amp;nbsp;&amp;nbsp;&amp;nbsp;parisdate = strtojavadate(&quot;01/02/2010 16:30:40&quot;, &quot;dd/MM/yyyy HH:mm:ss&quot;, &quot;Europe/Paris&quot;) returns a date object representing February 1st, 2010 with a time zone in Paris France.&#10;&#10;&amp;nbsp;&amp;nbsp;&amp;nbsp;&amp;nbsp;When the datetostr method is used, another time zone can be specified and will render with the appropriate time difference.&#10;&amp;nbsp;&amp;nbsp;&amp;nbsp;&amp;nbsp;datetostr(parisdate, &quot;dd/MM/yyyy HH:mm:ss&quot;, &quot;America/Chicago&quot;) will display &quot;01/02/2010 09:30:40&quot;&#10;&#10;">
				<Param name="String str"/>
				<Param name="String format ["/>
				<Param name="String timeZone]"/>
			</Overload>
		</KeyWord>
		<KeyWord name="substring" func="yes">
			<Overload retVal="String " desc="1. This function is case-sensitive. &#10;&#10; 2. end is optional, is Length(str) if not specified.&#10;&#10;3. start can be negative index value, for example, if start = -5, it is same as Length(str)-5. For example, substring(&quot;aabbcc&quot;, -5) returns &quot;abbcc&quot;.&#10;&#10;4.end can also be negative value, in which case it is treated similar to start. For example, substring (&quot;abcdef&quot;, -4, -2) returns &quot;cd&quot; ">
				<Param name="String str"/>
				<Param name="Integer start"/>
				<Param name="[Integer end]"/>
			</Overload>
		</KeyWord>
		<KeyWord name="tan" func="yes">
			<Overload retVal="Float " desc="1. tan (NAN) returns 4.618430334707433&#10;&#10;2. tan(jNAN) returns NAN &#10;&#10;">
				<Param name="Float x"/>
			</Overload>
		</KeyWord>
		<KeyWord name="tanh" func="yes">
			<Overload retVal="Float " desc=" 1. tanh(NaN) returns -1.0">
				<Param name="Float x"/>
			</Overload>
		</KeyWord>
		<KeyWord name="trim" func="yes">
			<Overload retVal="String " desc="1. This function is case-sensitive. &#10;&#10; 2. If str is empty, then function returns empty string.">
				<Param name="String str"/>
			</Overload>
		</KeyWord>
		<KeyWord name="upper" func="yes">
			<Overload retVal="String " desc="1. This function is case-sensitive. &#10;&#10; 2. If str is empty, then function returns empty string.">
				<Param name="String str"/>
			</Overload>
		</KeyWord>
		<KeyWord name="urldatabyget" func="yes">
			<Overload retVal="String " desc="Example: urldatabyget(&quot;http://someurl.com&quot;, &quot;a1=v1&amp;a2=v2&quot;, &quot;n/a&quot;)&#10;The parameters are URL string, output of makeurlparam method (string as a1=v1&amp;a2=v2) and default value string. &#10; This method returns a string.">
				<Param name="http://someurl.com"/>
				<Param name="url_param"/>
				<Param name="String default_value"/>
			</Overload>
		</KeyWord>
		<KeyWord name="urldatabypost" func="yes">
			<Overload retVal="String " desc="Example: urldatabypost(&quot;http://someurl.com&quot;, &quot;a1=v1&amp;a2=v2&quot;, &quot;n/a&quot;)&#10;The parameters are URL string, output of makeurlparam method (string as a1=v1&amp;a2=v2) and default value string. &#10;Method returns a string.">
				<Param name="http://someurl.com"/>
				<Param name="url_param"/>
				<Param name="String default_value"/>
			</Overload>
		</KeyWord>
		<KeyWord name="values" func="yes">
			<Overload retVal="&lt;DictionaryType&gt; " desc="1. Gets the values of all the entries in the Dictionary.&#10;&#10;2. The dictionaries supported are: &#10;&quot;string&quot;, &quot;integer&quot;, &quot;float&quot;,&#10;&quot;string[]&quot;, &quot;integer[]&quot;, &quot;float[]&quot;,&#10;&quot;date&quot;, &quot;date[]&quot;, &#10;Note that double dimensional dictionaries and boolean dictionaries are not supported by the values function.&#10;&#10;For example,&#10;d= dict(&quot;string&quot;);&#10;put(d, &quot;key1&quot;, &quot;string1&quot;);&#10;put(d, &quot;key2&quot;, &quot;string2&quot;);&#10;return values(d);&#10;This function will return a string array with 2 string elements.&#10;">
				<Param name="Dictionary dictionaryIdentifier"/>
			</Overload>
		</KeyWord>
	</AutoComplete>
</NotepadPlus>